Name;Pos;Age;Team
JAKOB PELLETIER;L;25.3;Syracuse Crunch
CAMERON HUGHES;F;29.7;Texas Stars
ALEX BARRE-BOULET;C;29.1;Colorado Eagles
ARTHUR KALIYEV;L;25.0;Belleville Senators
ILYA PROTAS;C;20.0;Hershey Bears
TANNER LACZYNSKI;F;29.1;Henderson Silver Knights
FELIX UNGER SORUM;R;20.8;Chicago Wolves
SETH GRIFFITH;R;33.5;Bakersfield Condors
KONSTA HELENIUS;F;20.1;Rochester Americans
QUINN HUTSON;F;24.5;Bakersfield Condors
JUSTIN ROBIDAS;F;23.3;Chicago Wolves
ALEX BELZILE;F;34.8;Laval Rocket
CONOR GEEKIE;C;22.2;Syracuse Crunch
DRYDEN HUNT;L;30.6;Calgary Wranglers
ZAC JONES;D;25.7;Rochester Americans
GEORGII MERKULOV;L;25.7;Providence Bruins
ANDREW CRISTALL;L;21.4;Hershey Bears
FILIP BYSTEDT;F;24.2;San Jose Barracuda
LUCA DEL BEL BELLUZ;F;22.6;Cleveland Monsters
MARTIN FRK;R;32.7;Calgary Wranglers
LAURENT DAUPHIN;F;31.3;Laval Rocket
LOGAN MORRISON;F;24.0;Coachella Valley Firebirds
VILJAMI MARJALA;C;23.4;Bakersfield Condors
BRADLY NADEAU;F;21.2;Chicago Wolves
DYLAN DUKE;C;23.3;Syracuse Crunch
JAGGER FIRKUS;F;22.2;Coachella Valley Firebirds
JAYSON MEGNA;F;36.4;Colorado Eagles
MITCHELL CHAFFEE;R;28.4;Syracuse Crunch
RORY KERINS;C;24.2;Calgary Wranglers
XAVIER BOURGAULT;R;23.7;Belleville Senators
AUSTIN POGANSKI;R;30.4;Tucson Roadrunners
MARTIN CHROMIAK;F;23.9;Ontario Reign
PATRICK BROWN;F;34.1;Providence Bruins
RILEY TUFTE;L;28.2;Providence Bruins
SASHA PASTUJOV;R;23.0;San Diego Gulls
NIKITA ALEXANDROV;F;25.8;Ontario Reign
TREY FIX-WOLANSKY;F;27.1;Hartford Wolf Pack
BRETT SENEY;F;30.3;Rockford IceHogs
JOHN LEONARD;L;27.9;Grand Rapids Griffins
LOGAN SHAW;F;33.7;Toronto Marlies
RAPHAEL LAVOIE;F;25.8;Henderson Silver Knights
ALEX NYLANDER;R;28.3;Toronto Marlies
CAMERON HEBIG;C;29.4;Tucson Roadrunners
COLE GUTTMAN;F;27.2;Ontario Reign
MATT LUFF;R;29.2;Bridgeport Islanders
SEAN FARRELL;F;24.7;Laval Rocket
BEN MCCARTNEY;F;25.0;Tucson Roadrunners
BENOIT-OLIVIER GROULX;C;26.4;Toronto Marlies
JACK AHCAN;D;29.1;Colorado Eagles
MATEJ BLUMEL;L;26.1;Providence Bruins
MATTHEW PHILLIPS;R;28.2;San Diego Gulls
MATTHEW SEMINOFF;F;22.5;Texas Stars
NICK ABRUZZESE;L;27.1;Syracuse Crunch
ADAM BECKMAN;L;25.1;Bridgeport Islanders
CHRIS WAGNER;C;35.1;Springfield Thunderbirds
GLENN GAWDIN;F;29.3;Ontario Reign
ISAAC HOWARD;L;22.2;Bakersfield Condors
JAKE LUCCHINI;C;31.1;Milwaukee Admirals
PHILIPPE DAOUST;C;24.6;Belleville Senators
REM PITLICK;L;29.2;Rockford IceHogs
T.J. TYNAN;F;34.3;Colorado Eagles
BEN HEMMERLING;F;22.2;Henderson Silver Knights
KAI UCHACZ;F;23.0;Henderson Silver Knights
MATTHEW PECA;C;33.2;Syracuse Crunch
MIKAEL PYYHTIA;L;24.5;Cleveland Monsters
RYAN CARPENTER;C;35.4;San Diego Gulls
SAM POULIN;C;25.3;Bakersfield Condors
TREVOR CONNELLY;F;20.3;Henderson Silver Knights
ANDRE LEE;F;25.9;Ontario Reign
BEN STEEVES;F;24.1;Charlotte Checkers
JEREMY DAVIES;D;29.6;Henderson Silver Knights
JIMMY HUNTINGTON;F;27.6;San Jose Barracuda
LANE PEDERSON;C;28.9;Lehigh Valley Phantoms
RYAN SUZUKI;C;25.1;Chicago Wolves
TRISTEN NIELSEN;F;26.3;Colorado Eagles
COLIN WHITE;C;29.4;San Jose Barracuda
LUKAS CORMIER;D;24.3;Henderson Silver Knights
ROBY JARVENTIE;R;23.9;Bakersfield Condors
RYAN UFKO;D;23.1;Milwaukee Admirals
SCOTT PERUNOVICH;D;27.9;Tucson Roadrunners
JORDAN OESTERLE;D;34.0;Milwaukee Admirals
LIAM FOUDY;F;26.4;Bridgeport Islanders
TYSON JUGNAUTH;D;22.2;Coachella Valley Firebirds
WILLIAM STROMGREN;L;23.1;Calgary Wranglers
ANTHONY RICHARD;L;29.5;Lehigh Valley Phantoms
BOGDAN TRINEYEV;R;24.3;Hershey Bears
JACK DEVINE;F;22.7;Charlotte Checkers
JOSHUA ROY;L;22.9;Laval Rocket
LUCA PINELLI;L;21.2;Cleveland Monsters
SHELDON DRIES;C;32.2;Grand Rapids Griffins
AIDAN MCDONOUGH;L;26.6;Wilkes-Barre/Scranton Penguins
ALEKSANTERI KASKIMAKI;F;22.4;Springfield Thunderbirds
BRETT LEASON;R;27.2;Hershey Bears
COLE O'HARA;R;24.0;Milwaukee Admirals
MICHAEL BRANDSEGG-NYGARD;R;20.7;Grand Rapids Griffins
QUENTIN MUSTY;F;21.0;San Jose Barracuda
TRISTAN BROZ;F;23.7;Wilkes-Barre/Scranton Penguins
DOMINIC TONINATO;C;32.3;Rockford IceHogs
DYLAN COGHLAN;D;28.4;Henderson Silver Knights
GRAEME CLARKE;R;25.2;Belleville Senators
ISAK ROSEN;R;23.3;Rochester Americans
LUCA CAGNONI;D;21.5;San Jose Barracuda
MASON SHAW;R;27.7;Manitoba Moose
MATTHEW POITRAS;C;22.3;Providence Bruins
OLIVER WAHLSTROM;R;26.0;San Jose Barracuda
AMADEUS LOMBARDI;C;23.1;Grand Rapids Griffins
BEN BERARD;F;27.4;Abbotsford Canucks
EDUARDS TRALMAKS;L;29.4;Grand Rapids Griffins
FABIAN LYSELL;R;23.4;Providence Bruins
GERRY MAYHEW;C;33.5;Iowa Wild
VINNI LETTIERI;C;31.4;Toronto Marlies
JACK BECKER;F;29.0;Texas Stars
JAMES HAMBLIN;C;27.2;Bakersfield Condors
JUSTIN BAILEY;R;31.0;San Diego Gulls
NILS AMAN;C;26.4;Abbotsford Canucks
TRISTAN LUNEAU;D;22.5;San Diego Gulls
VILLE KOIVUNEN;L;23.0;Wilkes-Barre/Scranton Penguins
ATRO LEPPANEN;D;27.5;Bakersfield Condors
CARTER YAKEMCHUK;D;20.7;Belleville Senators
EGOR AFANASYEV;L;25.4;San Jose Barracuda
KENNY CONNORS;F;23.3;Ontario Reign
MATTHEW HIGHMORE;C;30.3;Bridgeport Islanders
PHIL TOMASINO;R;24.9;Lehigh Valley Phantoms
RAFAEL HARVEY-PINARD;L;27.5;Wilkes-Barre/Scranton Penguins
AVERY HAYES;R;23.7;Wilkes-Barre/Scranton Penguins
DANIIL BUT;F;21.4;Tucson Roadrunners
VALTTERI PUUSTINEN;R;27.1;Colorado Eagles
XAVIER PARENT;F;25.3;Utica Comets
ANDREW AGOZZINO;C;35.5;Tucson Roadrunners
ANTON WAHLBERG;L;21.0;Rochester Americans
ARTEM SHLAINE;F;24.3;Texas Stars
CALLE ROSEN;D;32.4;Springfield Thunderbirds
DANIIL MIROMANOV;D;29.0;Calgary Wranglers
DOMINIK SHINE;F;33.2;Grand Rapids Griffins
FREDERIC BRUNET;D;22.9;Providence Bruins
JUDD CAULFIELD;R;25.3;San Diego Gulls
LLEYTON ROED;F;23.9;Coachella Valley Firebirds
MITCH MCLAIN;F;32.6;Henderson Silver Knights
NICOLAS AUBE-KUBEL;R;30.1;Iowa Wild
RILEY FIDDLER-SCHULTZ;L;24.1;Rochester Americans
SAMUEL BLAIS;L;30.0;Laval Rocket
BRENDAN BRISSON;F;24.7;Hartford Wolf Pack
CROSS HANAS;F;24.5;Texas Stars
DILLON DUBE;L;27.9;Springfield Thunderbirds
DYLAN GAMBRELL;C;29.8;Iowa Wild
ERIK GUSTAFSSON;D;34.3;Grand Rapids Griffins
SAM MORTON;C;26.9;Calgary Wranglers
SANDIS VILMANIS;F;22.4;Charlotte Checkers
TY MUELLER;C;23.3;Abbotsford Canucks
WILMER SKOOG;F;27.0;Charlotte Checkers
ANGUS CROOKSHANK;L;26.7;Utica Comets
ATLEY CALVERT;C;22.8;Wilkes-Barre/Scranton Penguins
BRENDAN GAUNCE;C;32.3;Cleveland Monsters
BRIAN PINHO;F;31.1;Charlotte Checkers
CHRISTIAN KYROU;D;22.8;Lehigh Valley Phantoms
COOPER MARODY;F;29.5;Coachella Valley Firebirds
DAVID SPACEK;D;23.4;Iowa Wild
DMITRI SIMASHEV;D;21.4;Tucson Roadrunners
DOMENICK FENSORE;D;24.8;Chicago Wolves
GABE KLASSEN;C;23.0;Wilkes-Barre/Scranton Penguins
JACK WILLIAMS;C;24.3;Cleveland Monsters
JACOB GAUCHER;F;25.3;Lehigh Valley Phantoms
JARET ANDERSON-DOLAN;C;26.8;Manitoba Moose
RYAN TVERBERG;F;24.4;Toronto Marlies
TREVOR KUNTAR;L;25.0;Rochester Americans
ADAM ENGSTROM;D;22.6;Laval Rocket
EVAN VIERLING;F;24.0;Chicago Wolves
FRANCESCO PINELLI;F;23.2;Ontario Reign
HUNTER HAIGHT;F;22.2;Iowa Wild
JACOB QUILLAN;C;24.4;Toronto Marlies
JURAJ PEKARCIK;F;20.8;Springfield Thunderbirds
KASPER HALTTUNEN;F;20.0;San Jose Barracuda
KOLE LIND;F;27.7;Texas Stars
KYLE CRISCUOLO;C;34.2;Utica Comets
MATYAS SAPOVALIV;F;22.4;Henderson Silver Knights
NICK LARDIS;F;21.0;Rockford IceHogs
OWEN SILLINGER;C;28.8;Cleveland Monsters
SAMUEL FAGEMO;L;26.3;Manitoba Moose
TY NELSON;D;22.2;Coachella Valley Firebirds
ANTONIO STRANGES;F;24.4;Texas Stars
BRIAN HALONEN;F;27.5;Utica Comets
DANILA KLIMOVICH;R;23.5;Abbotsford Canucks
DERRICK POULIOT;D;32.5;Rockford IceHogs
IVAN MIROSHNICHENKO;L;22.4;Hershey Bears
OSCAR FISKER M??LGAARD;F;21.4;Coachella Valley Firebirds
PHILLIP DI GIUSEPPE;L;32.7;Manitoba Moose
RUTGER MCGROARTY;L;22.2;Wilkes-Barre/Scranton Penguins
SAM COLANGELO;F;24.5;San Diego Gulls
WALKER DUEHR;R;28.6;Manitoba Moose
IGOR CHERNYSHOV;F;20.6;San Jose Barracuda
JANI NYMAN;F;21.9;Coachella Valley Firebirds
JOEY ANDERSON;R;28.0;Rockford IceHogs
LOUIE BELPEDIO;D;30.1;Hershey Bears
LUKE HAYMES;C;22.9;Toronto Marlies
MATTHEW MAGGIO;F;23.6;Bridgeport Islanders
NOEL GUNLER;R;24.7;Chicago Wolves
OWEN BECK;F;22.4;Laval Rocket
SKYLER BRIND'AMOUR;F;26.9;Chicago Wolves
DANIL GUSHCHIN;F;24.4;Colorado Eagles
DAVID GUSTAFSSON;C;26.2;Manitoba Moose
GUSTAV OLOFSSON;D;31.6;Coachella Valley Firebirds
HARRISON SCOTT;F;25.8;Texas Stars
MARSHALL WARREN;D;25.2;Bridgeport Islanders
MATTEO PIETRONIRO;D;27.7;Syracuse Crunch
MATVEI GRIDIN;F;20.3;Calgary Wranglers
ROBERT MASTROSIMONE;L;25.4;Charlotte Checkers
TYE FELHABER;F;27.9;Colorado Eagles
WOJCIECH STACHOWIAK;C;27.0;Grand Rapids Griffins
CALEN ADDISON;D;26.2;Utica Comets
CARSON MEYER;R;28.9;Rochester Americans
CHRISTIAN WOLANIN;D;31.3;Providence Bruins
DANIEL CARR;L;34.7;Milwaukee Admirals
GARRETT PILON;C;28.2;Belleville Senators
HENRIK RYBINSKI;C;25.0;Hershey Bears
HUGH MCGING;F;28.0;Springfield Thunderbirds
JAKUB BRABENEC;F;22.8;Henderson Silver Knights
JOSH SAMANSKI;C;24.3;Bakersfield Condors
MICHAEL BENNING;D;24.5;Charlotte Checkers
NOLAN FOOTE;L;25.6;Charlotte Checkers
OASIZ WIESBLATT;C;22.2;Milwaukee Admirals
SAMUEL BOLDUC;D;25.6;Belleville Senators
VICTOR SODERSTROM;D;25.3;Providence Bruins
BEN JONES;C;27.3;Iowa Wild
BRAYDEN YAGER;C;21.5;Manitoba Moose
JACK STUDNICKA;F;27.4;Charlotte Checkers
JARED WRIGHT;F;23.6;Ontario Reign
NATE SMITH;C;27.7;Charlotte Checkers
OLLE LYCKSELL;R;26.8;Belleville Senators
WILLIAM VILLENEUVE;D;24.3;Toronto Marlies
WYATT BONGIOVANNI;C;26.9;Hershey Bears
ADAM SYKORA;F;21.8;Hartford Wolf Pack
ANTTI TUOMISTO;D;25.4;Grand Rapids Griffins
COLE MCWARD;D;25.1;Bridgeport Islanders
COREY SCHUENEMAN;D;30.8;Hershey Bears
DYSIN MAYO;D;29.9;Cleveland Monsters
FLORIAN XHEKAJ;C;22.0;Laval Rocket
ISAAK PHILLIPS;D;24.8;Manitoba Moose
JAKUB RYCHLOVSKY;L;24.9;Grand Rapids Griffins
JOAKIM KEMELL;F;22.2;Milwaukee Admirals
JOEY LARSON;F;25.3;Bridgeport Islanders
JUSTIN DOWLING;C;35.7;Hartford Wolf Pack
NATHAN GAUCHER;C;22.6;San Diego Gulls
OSKAR OLAUSSON;F;23.6;Iowa Wild
SAMMY WALKER;F;27.1;Tucson Roadrunners
STEPHEN HALLIDAY;C;24.0;Belleville Senators
TRAVIS BOYD;F;32.8;Toronto Marlies
YEGOR SIDOROV;R;22.0;San Diego Gulls
AATU JAMSEN;F;22.9;Ontario Reign
ALEX JEFFERIES;F;24.6;Bridgeport Islanders
BRENDAN FURRY;L;28.0;Syracuse Crunch
DANS LOCMELIS;C;22.4;Providence Bruins
JAMIE ENGELBERT;F;26.0;Rockford IceHogs
MICHAEL KAROW;D;27.5;Texas Stars
NIKITA PAVLYCHEV;C;29.3;Chicago Wolves
ONDREJ BECHER;C;22.4;Grand Rapids Griffins
OWEN PICKERING;D;22.4;Wilkes-Barre/Scranton Penguins
REID SCHAEFER;L;22.8;Milwaukee Admirals
RYAN SCHMELZER;C;32.9;Utica Comets
ZACH L'HEUREUX;L;23.1;Milwaukee Admirals
CLARK BISHOP;C;30.3;Calgary Wranglers
CURTIS MCKENZIE;F;35.4;Texas Stars
ETHAN BEAR;D;29.0;Bridgeport Islanders
ETHAN GAUTHIER;R;21.4;Syracuse Crunch
FILIP MESAR;R;22.5;Laval Rocket
IAN MITCHELL;D;27.4;Syracuse Crunch
LUCAS MERCURI;C;24.3;Syracuse Crunch
MARC DEL GAIZO;D;26.7;Laval Rocket
MITCHELL STEPHENS;F;29.4;Coachella Valley Firebirds
TIM WASHE;F;24.8;San Diego Gulls
TOPIAS VILEN;D;23.2;Utica Comets
TUCKER ROBERTSON;F;23.0;Lehigh Valley Phantoms
TYLER ANGLE;R;25.7;Grand Rapids Griffins
ZAYDE WISDOM;C;24.0;Lehigh Valley Phantoms
ALEX BUMP;F;22.6;Lehigh Valley Phantoms
BRAEDEN BOWMAN;F;23.0;Henderson Silver Knights
CAM LUND;F;22.1;San Jose Barracuda
CHASE WOUTERS;C;26.4;Abbotsford Canucks
EDUARD SALE;F;21.3;Coachella Valley Firebirds
GAVIN BAYREUTHER;D;32.1;Rochester Americans
GAVIN HAYES;F;22.1;Rockford IceHogs
IVAN IVAN;F;23.9;Colorado Eagles
JACKSON HALLUM;F;23.8;Henderson Silver Knights
JAGGER JOSHUA;L;27.3;Rochester Americans
JONAS R??NDBJERG;F;27.2;Henderson Silver Knights
JONATHAN GRUDEN;C;26.2;Utica Comets
JOONA KOPPANEN;C;28.3;Wilkes-Barre/Scranton Penguins
KEVIN KORCHINSKI;D;22.0;Rockford IceHogs
LUCAS CARLSSON;D;29.0;San Jose Barracuda
MARC JOHNSTONE;R;30.0;Toronto Marlies
MATTHEW BARBOLINI;F;26.1;Toronto Marlies
MATYAS MELOVSKY;F;22.1;Utica Comets
MAX SZUBER;D;23.8;Tucson Roadrunners
PARKER FORD;R;25.9;Manitoba Moose
ROLAND MCKEOWN;D;30.4;San Diego Gulls
SAMUEL SAVOIE;F;22.3;Rockford IceHogs
TREY TAYLOR;D;24.4;Texas Stars
TYLER BOUCHER;R;23.5;Belleville Senators
ALEXIS GENDRON;F;22.5;Providence Bruins
BORIS KATCHOUK;L;28.0;Lehigh Valley Phantoms
BORYA VALIS;F;22.2;Toronto Marlies
BRYCE MCCONNELL-BARKER;F;22.1;Hartford Wolf Pack
DAYLAN KUEFLER;F;24.4;Bridgeport Islanders
DYLAN ROOBROECK;F;21.9;Hartford Wolf Pack
HUNTER MCKOWN;C;23.9;Cleveland Monsters
JACK THOMPSON;D;24.3;Abbotsford Canucks
JARED DAVIDSON;F;24.0;Laval Rocket
JAROSLAV CHMELAR;F;22.9;Hartford Wolf Pack
JOSIAH SLAVIN;L;27.5;Chicago Wolves
JUSTIN PEARSON;L;28.1;Cleveland Monsters
KALE CLAGUE;D;28.1;Manitoba Moose
LASSI THOMSON;D;25.8;Belleville Senators
LENNI HAMEENAHO;F;21.6;Utica Comets
NICK CICEK;D;26.1;Calgary Wranglers
RILEY HEIDT;C;21.3;Iowa Wild
ROMAN AHCAN;L;27.3;Cleveland Monsters
TREVOR CARRICK;D;32.0;Charlotte Checkers
ALEX SUZDALEV;R;22.3;Hershey Bears
ARSHDEEP BAINS;L;25.5;Abbotsford Canucks
AUSTIN WATSON;R;34.5;Grand Rapids Griffins
AYDAR SUNIEV;L;21.6;Calgary Wranglers
CORSON CEULEMANS;D;23.2;Cleveland Monsters
DANNY ZHILKIN;C;22.5;Manitoba Moose
DYLAN PETERSON;F;24.5;Springfield Thunderbirds
J.R. AVON;F;23.0;Coachella Valley Firebirds
JEAN-LUC FOUDY;R;24.1;Iowa Wild
JOHN HAYDEN;F;31.4;Coachella Valley Firebirds
KARSEN DORWART;F;23.8;Lehigh Valley Phantoms
KEVIN ROONEY;C;33.1;Tucson Roadrunners
KOEHN ZIEMMER;F;21.6;Ontario Reign
MAXENCE GUENETTE;D;25.2;Lehigh Valley Phantoms
NIKOLAS BROUILLARD;D;31.4;San Diego Gulls
OLIVIER NADEAU;R;23.5;Rochester Americans
PATRICK GILES;F;26.5;San Jose Barracuda
TAYLOR MAKAR;F;25.3;Colorado Eagles
TRISTAN ALLARD;C;24.0;Syracuse Crunch
TRISTAN BERTUCCI;D;21.0;Texas Stars
VIKTOR NEUCHEV;R;22.7;Chicago Wolves
BRENNAN OTHMANN;L;23.5;Calgary Wranglers
BRETT CHORSKE;F;25.1;Charlotte Checkers
CASEY FITZGERALD;D;29.3;Hartford Wolf Pack
DAVID JIRICEK;D;22.6;Lehigh Valley Phantoms
DAVID REINBACHER;D;21.7;Laval Rocket
ETHAN EDWARDS;D;24.1;Utica Comets
GRACYN SAWCHYN;C;21.4;Charlotte Checkers
HUNTER DREW;R;27.7;Bridgeport Islanders
ISAAC RATCLIFFE;L;27.4;Milwaukee Admirals
JAKE SCHMALTZ;C;25.2;Providence Bruins
JUUSO VALIMAKI;D;27.7;Chicago Wolves
KEVIN LOMBARDI;F;27.9;Rockford IceHogs
NOAH CHADWICK;D;21.1;Toronto Marlies
RHETT PITLICK;R;25.4;Bakersfield Condors
SEAN BEHRENS;D;23.2;Colorado Eagles
SHANE LACHANCE;F;22.8;Utica Comets
STIAN SOLBERG;D;20.5;San Diego Gulls
TANNER MOLENDYK;D;21.4;Milwaukee Admirals
TY TULLIO;R;24.2;Tucson Roadrunners
WYATT AAMODT;D;28.6;Colorado Eagles
AIDAN THOMPSON;F;24.4;Hartford Wolf Pack
AKIL THOMAS;F;26.5;Springfield Thunderbirds
BEN GLEASON;D;28.3;Iowa Wild
CEDRIC PARE;F;27.4;Toronto Marlies
DAMIEN CARFAGNA;D;23.5;Bakersfield Condors
DAVID EDSTROM;C;21.4;Milwaukee Admirals
HENRY THRUN;D;25.3;Toronto Marlies
JAKE LESCHYSHYN;C;27.3;Rochester Americans
JAN MYSAK;C;24.0;San Diego Gulls
JOEY ABATE;L;27.8;Providence Bruins
JOEY WILLIS;L;21.3;Milwaukee Admirals
MATT STROME;C;27.5;Hershey Bears
RONAN SEELEY;D;23.9;Chicago Wolves
WILL BUTCHER;D;31.5;Cleveland Monsters
BRETT BERARD;F;23.8;Hartford Wolf Pack
BRETT HARRISON;R;23.0;Lehigh Valley Phantoms
CHRIS TERRY;F;37.2;Bridgeport Islanders
FINN HARDING;D;21.3;Wilkes-Barre/Scranton Penguins
GABRIEL SEGER;L;26.6;Grand Rapids Griffins
JASON POLIN;F;27.0;Colorado Eagles
JOE HICKETTS;D;30.2;Ontario Reign
JORIAN DONOVAN;D;22.2;Belleville Senators
JUSTIN KIRKLAND;C;29.9;Calgary Wranglers
MAXIM GROSHEV;D;24.5;Syracuse Crunch
MIKE HARDMAN;L;27.4;Utica Comets
NOEL NORDH;F;21.4;Tucson Roadrunners
NOLAN ALLAN;D;23.2;San Jose Barracuda
RIESE GABER;F;26.7;Charlotte Checkers
SAWYER MYNIO;D;21.2;Abbotsford Canucks
TAYLOR WARD;F;28.2;Ontario Reign
THOMAS BORDELEAU;F;24.5;Springfield Thunderbirds
VILLE HEINOLA;D;25.3;Manitoba Moose
WILLIAM LAGESSON;D;30.4;Grand Rapids Griffins
CAEDAN BANKIER;C;23.4;Iowa Wild
CAM BERG;F;24.4;Bridgeport Islanders
CAM DINEEN;D;28.0;Bakersfield Condors
JONATHAN LEKKERIMAKI;R;21.9;Abbotsford Canucks
KIRILL KUDRYAVTSEV;D;22.4;Abbotsford Canucks
MARC-ANDRE GAUDET;D;22.7;Springfield Thunderbirds
MATT DUMBA;D;31.9;Wilkes-Barre/Scranton Penguins
NATHAN LEGARE;R;25.5;Utica Comets
SCOTT MORROW;D;23.7;Hartford Wolf Pack
TUOMAS URONEN;F;21.3;Henderson Silver Knights
TY GALLAGHER;D;23.3;Providence Bruins
WILLIAM TRUDEAU;D;23.7;Laval Rocket
ALEKSI HEIMOSALMI;D;23.1;Chicago Wolves
ANGUS BOOTH;D;22.2;Ontario Reign
ARTTU HYRY;C;25.2;Texas Stars
CARSON LAMBOS;D;23.5;Iowa Wild
CARSON REHKOPF;F;21.5;Coachella Valley Firebirds
DANTON HEINEN;L;31.0;Cleveland Monsters
GABRIEL SZTURC;C;22.8;Syracuse Crunch
GUILLAUME RICHARD;D;23.4;Cleveland Monsters
JACK RATHBONE;D;27.1;Rochester Americans
JACOB MELANSON;F;23.2;Coachella Valley Firebirds
JAKUB STANCL;F;21.2;Springfield Thunderbirds
LUKAS REICHEL;C;24.1;Providence Bruins
MAVERIC LAMOUREUX;D;22.5;Tucson Roadrunners
NIKITA NOVIKOV;D;22.9;Ontario Reign
OLIVER BONK;D;21.5;Lehigh Valley Phantoms
OWEN ALLARD;F;22.5;Tucson Roadrunners
RILEY DURAN;R;24.4;Providence Bruins
RYAN JOHNSON;D;24.9;Rochester Americans
SCOTT HARRINGTON;D;33.3;Belleville Senators
WILLIAM WALLINDER;D;23.9;Grand Rapids Griffins
CAL FOOTE;D;27.5;Chicago Wolves
CONNOR MACKEY;D;29.8;Hartford Wolf Pack
DANIEL D'AMATO;L;25.2;Bakersfield Condors
ETHAN SAMSON;D;22.9;Syracuse Crunch
GRANT CRUIKSHANK;C;27.9;Hershey Bears
HUDSON FASCHING;R;30.9;Cleveland Monsters
HUNTER SKINNER;D;25.2;Springfield Thunderbirds
ISAIAH GEORGE;D;22.4;Bridgeport Islanders
JACK HUGHES;F;22.7;Ontario Reign
JAMES MALATESTA;L;23.1;Cleveland Monsters
JEREMIE POIRIER;D;24.1;Texas Stars
JIMMY SCHULDT;D;31.1;Abbotsford Canucks
JOHN FARINACCI;C;25.4;Providence Bruins
JORDAN DUMAIS;R;22.2;Cleveland Monsters
MAX JONES;L;28.4;Bakersfield Condors
MIKULAS HOVORKA;D;25.0;Charlotte Checkers
NICO MYATOVIC;L;21.6;San Diego Gulls
OSKAR PETTERSSON;R;24.4;Belleville Senators
SEAMUS CASEY;D;22.5;Utica Comets
TYSON HINDS;D;23.3;San Diego Gulls
BILLY SWEEZEY;D;30.4;Providence Bruins
CAM THIESING;F;25.3;Bridgeport Islanders
DYLAN ANHORN;D;27.4;Manitoba Moose
ETHAN DEL MASTRO;D;23.5;Rockford IceHogs
GABE PERREAULT;F;21.1;Hartford Wolf Pack
JAKE LIVINGSTONE;D;27.2;Charlotte Checkers
JAMIESON REES;L;25.3;Belleville Senators
JAN JENIK;F;25.8;Ontario Reign
KEEAN WASHKURAK;C;24.9;Belleville Senators
LUCAS CONDOTTA;L;28.6;Laval Rocket
MICHAL KUNC;F;25.7;Tucson Roadrunners
NIKITA CHIBRIKOV;L;23.4;Manitoba Moose
NOAH GREGOR;C;27.9;Charlotte Checkers
NOAH PHILP;C;27.8;Chicago Wolves
RILEY STILLMAN;D;28.3;Bakersfield Condors
ROBBIE RUSSO;D;33.4;Tucson Roadrunners
RONNIE ATTARD;D;27.3;Colorado Eagles
SEAN DAY;D;28.5;Bridgeport Islanders
AARON HUGLEN;R;25.3;Wilkes-Barre/Scranton Penguins
ANTHONY VINCENT;F;28.9;San Jose Barracuda
ANTON BLIDH;F;31.3;Hartford Wolf Pack
AUSTIN STRAND;D;29.4;Utica Comets
CAM SQUIRES;F;21.2;Utica Comets
CARTER MAZUR;R;24.3;Grand Rapids Griffins
CHASE PIETILA;D;22.3;Wilkes-Barre/Scranton Penguins
COLBY BARLOW;R;21.4;Manitoba Moose
DENVER BARKEY;F;21.2;Lehigh Valley Phantoms
LOGAN BROWN;F;28.3;Ontario Reign
LUCA MARRELLI;D;20.7;Cleveland Monsters
LUKE KRYS;D;25.8;Texas Stars
LUKE TOPOROWSKI;R;25.2;Colorado Eagles
MICHAEL CALLAHAN;D;26.8;Providence Bruins
OTTO STENBERG;F;21.1;Springfield Thunderbirds
RYAN CHESLEY;D;22.3;Hershey Bears
TANNER HOWE;L;20.6;Wilkes-Barre/Scranton Penguins
TRAVIS MITCHELL;D;26.6;Bridgeport Islanders
TYLER THORPE;R;20.9;Laval Rocket
VILIAM KMEC;D;22.5;Henderson Silver Knights
VILLE OTTAVAINEN;D;23.9;Coachella Valley Firebirds
ZACH ASTON-REESE;L;31.9;Cleveland Monsters
ALEX KANNOK LEIPERT;D;25.9;Grand Rapids Griffins
CAL BURKE;C;29.3;San Diego Gulls
CARL GRUNDSTROM;F;28.6;Lehigh Valley Phantoms
DMITRY KUZMIN;D;23.2;Rockford IceHogs
ETHAN CARDWELL;F;23.8;San Jose Barracuda
GARRETT WILSON;L;35.3;Lehigh Valley Phantoms
JACK PEART;D;23.1;Iowa Wild
JOE FLEMING;F;23.0;Henderson Silver Knights
KYLE MARINO;R;31.1;Milwaukee Admirals
MARTIN MISIAK;F;21.7;Rockford IceHogs
MATT BENNING;D;32.1;Toronto Marlies
MATTIAS HAVELID;D;25.5;San Jose Barracuda
NATE DANIELSON;C;21.8;Grand Rapids Griffins
NIKITA NESTERENKO;L;24.8;San Diego Gulls
OSCAR EKLIND;F;28.0;Lehigh Valley Phantoms
REESE JOHNSON;R;28.0;Toronto Marlies
TYLER PITLICK;F;34.7;Iowa Wild
ZACH METSA;D;27.7;Rochester Americans
ALEX DOUCET;L;24.5;Grand Rapids Griffins
ANDREI LOSHKO;F;21.7;Coachella Valley Firebirds
BRAD LAMBERT;F;22.5;Manitoba Moose
CAREY TERRANCE;F;21.1;Hartford Wolf Pack
CARTER KING;C;24.8;Calgary Wranglers
DOMINIK BADINKA;D;20.6;Chicago Wolves
HELGE GRANS;D;24.1;Lehigh Valley Phantoms
JUSTIN HOLL;D;34.4;Grand Rapids Griffins
KEATON MIDDLETON;D;28.4;Colorado Eagles
LUKE TUCH;L;24.3;Laval Rocket
MARC MCLAUGHLIN;F;26.9;Utica Comets
PIERRICK DUBE;R;25.5;Bridgeport Islanders
RYAN MAST;D;23.5;Rockford IceHogs
RYDER ROLSTON;F;24.7;Milwaukee Admirals
SAM RINZEL;D;22.0;Rockford IceHogs
SEBASTIAN AHO;D;30.4;Wilkes-Barre/Scranton Penguins
SHAI BUIUM;D;23.3;Grand Rapids Griffins
THEO LINDSTEIN;D;21.5;Springfield Thunderbirds
ZACH DEAN;F;23.5;Springfield Thunderbirds
ALEX ALEXEYEV;D;26.6;Wilkes-Barre/Scranton Penguins
ALEX GAGNE;D;23.9;Colorado Eagles
ANDREAS ENGLUND;D;30.4;Milwaukee Admirals
ANDREW GIBSON;D;21.4;Milwaukee Admirals
ARTEM DUDA;D;22.2;Tucson Roadrunners
BEN MEYERS;F;27.6;Coachella Valley Firebirds
DAVID GUCCIARDI;D;23.7;Hershey Bears
DENNIS GILBERT;D;29.7;Belleville Senators
DEVIN KAPLAN;F;22.5;Lehigh Valley Phantoms
DONAVAN HOULE;F;26.7;San Jose Barracuda
HUNTER BRZUSTEWICZ;D;21.6;Calgary Wranglers
HUNTER ST. MARTIN;F;21.0;Charlotte Checkers
JOSH BROWN;D;32.4;Bakersfield Condors
KADEN HAMMELL;D;21.3;Coachella Valley Firebirds
KIRILL KIRSANOV;D;23.8;Ontario Reign
MARK SENDEN;F;28.4;Colorado Eagles
MATHIEU CATAFORD;F;21.3;Henderson Silver Knights
SONNY MILANO;L;30.1;Hershey Bears
TURNER OTTENBREIT;D;29.0;Calgary Wranglers
ASHTON SAUTNER;D;32.1;Manitoba Moose
AYRTON MARTINO;F;23.8;Texas Stars
BRADEN HACHE;D;23.1;San Jose Barracuda
BRADLEY MAREK;F;25.6;Iowa Wild
CALEB MACDONALD;D;23.6;Cleveland Monsters
CHASE BRADLEY;F;24.5;Colorado Eagles
GAVIN WHITE;D;23.6;Calgary Wranglers
JACOB MACDONALD;D;33.3;Colorado Eagles
JON MCDONALD;D;28.0;Hershey Bears
JULIAN LUTZ;F;22.3;Tucson Roadrunners
JULIEN GAUTHIER;R;28.7;Springfield Thunderbirds
LUKE PROKOP;D;24.1;Bakersfield Condors
LUKE ROWE;D;27.9;Bridgeport Islanders
MAREK ALSCHER;D;22.2;Charlotte Checkers
MATT KIERSTED;D;28.2;Iowa Wild
MATVEY PETROV;R;23.3;Bakersfield Condors
NIKITA PRISHCHEPOV;F;22.4;Colorado Eagles
PAVOL REGENDA;L;26.6;San Jose Barracuda
RYAN MCGREGOR;C;27.4;Tucson Roadrunners
SPENCER SMALLMAN;C;29.8;Hershey Bears
TOBIAS BJORNFOT;D;25.2;Charlotte Checkers
VICTOR MANCINI;D;24.1;Abbotsford Canucks
VSEVOLOD KOMAROV;D;22.5;Rochester Americans
XAVIER SIMONEAU;C;25.1;Laval Rocket
ALEC REGULA;D;25.9;Bakersfield Condors
BENNETT SCHIMEK;R;23.2;Abbotsford Canucks
BRANDON SCANLIN;D;27.1;Hartford Wolf Pack
BRENDAN HOFFMANN;F;24.7;San Jose Barracuda
BRENDAN WARREN;R;29.1;Rochester Americans
COLE CLAYTON;D;26.3;Abbotsford Canucks
DECLAN CARLILE;D;26.1;Syracuse Crunch
GLEB TRIKOZOV;L;21.9;Chicago Wolves
HAYDEN HODGSON;R;30.3;Belleville Senators
JAKE WISE;F;26.3;Colorado Eagles
KEVIN GRAVEL;D;34.3;Milwaukee Admirals
LANDEN HOOKEY;C;22.4;Belleville Senators
LUDVIG JANSSON;D;22.5;Charlotte Checkers
LUKAS DRAGICEVIC;D;21.2;Coachella Valley Firebirds
MACKENZIE ENTWISTLE;R;27.0;Charlotte Checkers
MAROS JEDLICKA;F;23.7;Colorado Eagles
MICHAEL BUCHINGER;D;22.2;Springfield Thunderbirds
MICHAEL PEZZETTA;L;28.3;Toronto Marlies
MIKO MATIKKA;F;22.7;Tucson Roadrunners
NATE CLURMAN;D;28.1;Laval Rocket
NICK POISSON;C;24.9;Abbotsford Canucks
NOAH WARREN;D;22.0;San Diego Gulls
SAMUEL JOHANNESSON;D;25.5;Springfield Thunderbirds
SIMON LUNDMARK;D;25.7;Syracuse Crunch
TATE SINGLETON;R;27.8;Cleveland Monsters
TOBIE BISSON;D;29.4;Laval Rocket
AIDEN FINK;R;21.6;Milwaukee Admirals
BEAU AKEY;D;21.4;Bakersfield Condors
BOKONDJI IMAMA;L;29.9;Wilkes-Barre/Scranton Penguins
CADEN PRICE;D;20.8;Coachella Valley Firebirds
CAMERON CROTTY;D;27.2;Belleville Senators
DAVID GOYETTE;F;22.3;Coachella Valley Firebirds
DAVID SILYE;C;27.3;Calgary Wranglers
DINO KAMBEITZ;R;26.4;Abbotsford Canucks
EETU LIUKAS;F;23.8;Bridgeport Islanders
JACK RICKETTS;F;26.8;Tucson Roadrunners
JACKSON DORRINGTON;D;22.2;Hartford Wolf Pack
JAKOV NOVAK;F;27.7;Coachella Valley Firebirds
JAYCOB MEGNA;D;33.6;Henderson Silver Knights
JETT WOO;D;25.9;San Jose Barracuda
JOEL NYSTROM;D;24.1;Chicago Wolves
JOSEPH LABATE;C;33.2;Abbotsford Canucks
KYLE MCDONALD;R;24.4;Texas Stars
LLEYTON MOORE;D;24.3;Tucson Roadrunners
MITCHELL VANDE SOMPEL;D;29.4;Charlotte Checkers
MONTANA ONYEBUCHI;D;26.3;Tucson Roadrunners
NOAH OSTLUND;C;22.3;Rochester Americans
OLIVER MOORE;F;21.4;Rockford IceHogs
PHIL KEMP;D;27.4;Wilkes-Barre/Scranton Penguins
RYAN GRAVES;D;31.1;Wilkes-Barre/Scranton Penguins
SAMU TUOMAALA;F;23.5;Texas Stars
TOMMY MILLER;D;27.3;Syracuse Crunch
VICTOR EKLUND;F;19.7;Bridgeport Islanders
ALEXANDER HOLTZ;F;24.4;Henderson Silver Knights
BLAKE SMITH;D;21.7;Toronto Marlies
BRODY LAMB;F;22.8;Hartford Wolf Pack
CHAS SHARPE;D;22.6;Toronto Marlies
CHASE STILLMAN;R;23.3;Abbotsford Canucks
COLE EISERMAN;F;19.8;Bridgeport Islanders
CONNOR MYLYMOK;L;26.3;Rockford IceHogs
IAN MCKINNON;F;28.3;Coachella Valley Firebirds
IVAN RYABKIN;C;19.2;Chicago Wolves
JACK MALONE;F;25.7;Utica Comets
JACK MILLAR;D;25.6;Ontario Reign
JAKE FURLONG;D;22.3;Rockford IceHogs
JUJHAR KHAIRA;C;31.9;Abbotsford Canucks
LUCAS CIONA;L;23.5;Calgary Wranglers
MATTEO COSTANTINI;C;23.9;Rochester Americans
NOAH LAAOUAN;D;25.3;Rochester Americans
RYAN SANDELIN;F;27.5;Iowa Wild
TAIGE HARDING;D;24.5;Rockford IceHogs
VILMER ALRIKSSON;L;21.4;Abbotsford Canucks
WYATT NEWPOWER;D;28.6;Springfield Thunderbirds
ADAM GINNING;D;26.5;Lehigh Valley Phantoms
ALEX STEEVES;C;26.6;Providence Bruins
BLAKE HILLMAN;D;30.4;Hartford Wolf Pack
BRYAN YOON;D;28.4;Colorado Eagles
C.J. SMITH;F;31.6;Bridgeport Islanders
CHARLES ALEXIS LEGAULT;D;22.8;Chicago Wolves
COOPER MOORE;D;25.4;Hartford Wolf Pack
DANIEL WALCOTT;L;32.4;Hartford Wolf Pack
DILLON BOUCHER;F;29.2;Rockford IceHogs
ELIAS SALOMONSSON;D;21.8;Manitoba Moose
FEDOR SVECHKOV;C;23.2;Milwaukee Admirals
JACKSON CATES;F;28.8;Rockford IceHogs
JARRED TINORDI;D;34.4;Syracuse Crunch
KALAN LIND;L;21.4;Milwaukee Admirals
KYLE LOOFT;D;28.0;Texas Stars
MACKENZIE MACEACHERN;L;32.3;Abbotsford Canucks
MARC GATCOMB;F;26.9;Bridgeport Islanders
MARK DUARTE;R;23.8;Belleville Senators
MASON MILLMAN;D;24.9;Bakersfield Condors
MAX MCCUE;C;23.4;Cleveland Monsters
MELVIN FERNSTROM;R;20.3;Wilkes-Barre/Scranton
MIKAEL DIOTTE;D;23.2;Utica Comets
SAM LIPKIN;F;23.5;Tucson Roadrunners
SCOTT SABOURIN;R;33.9;Syracuse Crunch
VLADISLAV KOLYACHONOK;D;25.1;Texas Stars
ANTON JOHANSSON;D;22.1;Grand Rapids Griffins
AUSTIN ROEST;C;22.4;Milwaukee Admirals
CAM ALLEN;D;21.5;Hershey Bears
CARSON BANTLE;L;24.4;Grand Rapids Griffins
CAVAN FITZGERALD;D;29.9;Rockford IceHogs
COLTON WHITE;D;29.2;Utica Comets
DAKOTA MERMIS;D;32.5;Toronto Marlies
DALTON BANCROFT;R;25.3;Milwaukee Admirals
DALTON SMITH;L;34.0;Hershey Bears
DMITRY OSIPOV;D;29.7;Utica Comets
ETIENNE MORIN;D;21.3;Calgary Wranglers
GRAHAM SLAGGERT;L;27.2;Rochester Americans
HARRISON BRUNICKE;D;20.1;Wilkes-Barre/Scranton Penguins
JACOB JULIEN;C;21.8;Manitoba Moose
JALEN LUYPEN;C;24.0;Hershey Bears
JOE ARNTSEN;D;23.1;Abbotsford Canucks
JUSTIN ERTEL;L;23.1;Texas Stars
JUUSO PARSSINEN;C;25.4;Hartford Wolf Pack
LEON MUGGLI;D;20.0;Hershey Bears
LUCAS VANROBOYS;F;26.9;San Jose Barracuda
NIKITA SUSUYEV;F;21.4;Springfield Thunderbirds
NIKOLAI KNYZHOV;D;28.3;Abbotsford Canucks
RILEY BEZEAU;R;24.2;Cleveland Monsters
RYAN GAGNIER;C;24.0;Rockford IceHogs
RYAN MCALLISTER;F;24.5;Wilkes-Barre/Scranton Penguins
SAM BITTEN;L;26.3;Hershey Bears
SIMON ROBERTSSON;F;23.4;Springfield Thunderbirds
STANISLAV SVOZIL;D;23.4;Cleveland Monsters
VINCENT IORIO;D;23.6;San Jose Barracuda
AARON NESS;D;36.1;Hershey Bears
BRANDON HICKEY;D;30.2;Henderson Silver Knights
COLTON HUARD;D;25.6;Charlotte Checkers
COOPER FLINTON;L;22.9;Syracuse Crunch
DYLAN HRYCKOWIAN;F;22.1;Texas Stars
EAMON POWELL;D;24.1;Charlotte Checkers
ETHAN KEPPEN;R;25.3;Bakersfield Condors
GAVIN BRINDLEY;R;21.7;Colorado Eagles
HUNTER MCDONALD;D;24.1;Lehigh Valley Phantoms
ISAAC BELLIVEAU;D;23.6;Rochester Americans
JACK MATIER;D;23.2;Milwaukee Admirals
JACK ST. IVANY;D;26.9;Wilkes-Barre/Scranton Penguins
JAKUB DVORAK;D;21.1;Ontario Reign
JOSH FILMON;F;22.3;Utica Comets
KAI SCHWINDT;F;22.5;Charlotte Checkers
KENTA ISOGAI;F;21.8;Ontario Reign
KYLE CRNKOVIC;F;23.7;San Jose Barracuda
LEO LOOF;D;24.2;Springfield Thunderbirds
LIAM MCLINSKEY;F;25.4;Charlotte Checkers
MICHAEL MILNE;F;23.8;Grand Rapids Griffins
NOLAN RENWICK;R;25.4;Wilkes-Barre/Scranton Penguins
PARKER BELL;L;22.8;Calgary Wranglers
RAIVIS ANSONS;L;24.4;Wilkes-Barre/Scranton Penguins
RED SAVAGE;C;23.1;Rochester Americans
SEAN CHISHOLM;F;25.4;Texas Stars
SHAWN ELEMENT;L;26.2;Milwaukee Admirals
SPENCER KERSTEN;R;26.1;Syracuse Crunch
STEVEN SANTINI;D;31.3;Syracuse Crunch
TOMAS HAMARA;D;23.3;Belleville Senators
TOMMY BERGSLAND;D;25.3;Texas Stars
TY MURCHISON;D;23.4;Lehigh Valley Phantoms
ANDREW BASHA;L;20.6;Calgary Wranglers
COOPER WALKER;C;24.0;Abbotsford Canucks
DALIBOR DVORSKY;F;21.0;Springfield Thunderbirds
DENNIS CHOLOWSKI;D;28.4;Utica Comets
DOMINIC JAMES;C;24.0;Syracuse Crunch
EMIL ANDRAE;D;24.3;Lehigh Valley Phantoms
GIVANI SMITH;L;28.3;Chicago Wolves
JACOB PERREAULT;R;24.2;Providence Bruins
JOSH JACOBS;D;30.4;Laval Rocket
JOSIAH DIDIER;D;33.2;Laval Rocket
KEVIN CONNAUTON;D;36.3;Tucson Roadrunners
KYLE BURROUGHS;D;31.0;Ontario Reign
LIAM OHGREN;L;22.4;Iowa Wild
LUCAS JOHANSEN;D;28.6;Henderson Silver Knights
LUKE MITTELSTADT;D;23.4;Laval Rocket
MARSHALL RIFAI;D;28.3;Toronto Marlies
MASSIMO RIZZO;F;25.0;Milwaukee Admirals
OTTO SALIN;D;22.3;Ontario Reign
QUINTON BURNS;D;21.2;Springfield Thunderbirds
RASMUS KUMPULAINEN;F;20.9;Iowa Wild
SHANE BOWERS;F;27.0;San Jose Barracuda
SLOAN STANICK;F;22.9;Henderson Silver Knights
TYLER KOPFF;L;23.2;Rochester Americans
TYREL BAUER;D;24.3;Manitoba Moose
VINCENT ARSENEAU;L;34.3;Laval Rocket
WILL DINEEN;F;25.6;Laval Rocket
WILL ZMOLEK;D;27.2;Iowa Wild
ZACH GALLANT;R;27.3;Wilkes-Barre/Scranton Penguins
ZACH UENS;D;25.1;Coachella Valley Firebirds
ZAYNE PAREKH;D;20.4;Calgary Wranglers
ANDREW PERROTT;D;24.8;Rockford IceHogs
ANRI RAVINSKIS;L;23.5;Abbotsford Canucks
BEN KING;C;24.1;Toronto Marlies
BRANDON BADDOCK;L;31.3;Toronto Marlies
BRAYDEN HISLOP;D;22.8;Rockford IceHogs
BRYCE MONTGOMERY;D;23.6;Chicago Wolves
CHAD HILLEBRAND;L;27.4;Grand Rapids Griffins
CHASE YODER;C;24.1;Manitoba Moose
CHRISTOFFER SEDOFF;D;24.4;Milwaukee Admirals
COLIN FELIX;D;27.5;Providence Bruins
CONNOR CLATTENBURG;L;21.2;Bakersfield Condors
COULSON PITRE;R;21.5;San Diego Gulls
DAVID BREAZEALE;D;26.2;Wilkes-Barre/Scranton Penguins
DAVID GAGNON;F;26.2;Chicago Wolves
DJIBRIL TOURE;D;23.1;Belleville Senators
ELLIOT DESNOYERS;L;24.4;Iowa Wild
ERIKS MATEIKO;C;20.6;Hershey Bears
GLEB VEREMYEV;F;23.0;Bridgeport Islanders
JACKSON EDWARD;D;22.3;Lehigh Valley Phantoms
JACKSON VAN DE LEEST;D;25.0;Utica Comets
JACOB DOTY;F;33.0;Ontario Reign
JAMES HAGENS;F;;Providence
JAXON NELSON;F;26.2;Iowa Wild
KALLE VAISANEN;F;23.4;Hartford Wolf Pack
KYLE CAPOBIANCO;D;28.9;Texas Stars
LANDON SLAGGERT;F;24.0;Rockford IceHogs
MARK LIWISKI;F;24.9;Iowa Wild
MATTHEW WOOD;L;21.4;Milwaukee Admirals
NOAH POWELL;R;21.4;Lehigh Valley Phantoms
REECE NEWKIRK;F;25.4;Syracuse Crunch
RILEY THOMPSON;C;23.9;Lehigh Valley Phantoms
SAM STANGE;F;25.2;Springfield Thunderbirds
TIM REGO;D;25.7;Ontario Reign
VITALI KRAVTSOV;R;26.5;Abbotsford Canucks
ZACK OSTAPCHUK;C;23.1;San Jose Barracuda
ZAKARY KARPA;F;24.3;Hartford Wolf Pack
AIDAN FULP;D;26.3;Rochester Americans
ALEX GALLANT;L;33.6;Calgary Wranglers
ARAM MINNETIAN;D;21.3;Texas Stars
ARNAUD DURANDEAU;L;27.5;Abbotsford Canucks
AXEL SANDIN-PELLIKKA;D;21.3;Grand Rapids Griffins
BLAKE BIONDI;C;24.2;Chicago Wolves
BRADY STONEHOUSE;R;21.9;Bakersfield Condors
CADE WEBBER;D;25.5;Toronto Marlies
CALLE ODELIUS;D;22.1;Bridgeport Islanders
CALUM RITCHIE;C;21.4;Bridgeport Islanders
CAREY TERRANCE;F;21.1;Hartford Wolf Pack
CARTER BERGER;D;26.8;Lehigh Valley Phantoms
CARTER WILKIE;C;26.2;Calgary Wranglers
CHARLE-EDOUARD D'ASTOUS;D;28.2;Syracuse Crunch
CHASE DAFOE;F;24.3;Rockford IceHogs
COLE KNUBLE;C;22.0;Lehigh Valley Phantoms
DANIEL LAATSCH;D;24.4;Wilkes-Barre/Scranton Penguins
DYLAN WENDT;F;25.5;Utica Comets
EASTON COWAN;L;21.1;Toronto Marlies
EDDIE GENBORG;F;19.2;Grand Rapids Griffins
ELLIS RICKWOOD;F;24.0;Texas Stars
EMIL PIENINIEMI;D;21.3;Wilkes-Barre/Scranton Penguins
FABIAN WAGNER;L;22.1;Manitoba Moose
GUSTAV STJERNBERG;D;23.7;Colorado Eagles
HARRISON ISRAELS;C;26.8;Rockford IceHogs
JACK ANDERSON;D;23.6;Texas Stars
JACK FINLEY;C;23.8;Syracuse Crunch
JACOB TRUSCOTT;D;24.2;Grand Rapids Griffins
JOE DUNLAP;R;26.6;Laval Rocket
JOHN PROKOP;D;25.1;Toronto Marlies
JONATHAN ASPIROT;D;27.1;Providence Bruins
JORDAN HARRIS;D;26.0;Providence Bruins
JOSH BLOOM;L;23.1;Bakersfield Condors
JUSTIN NACHBAUR;R;26.3;Hershey Bears
KALEB LAWRENCE;C;23.5;Rochester Americans
KYLER KUPKA;C;27.1;Hershey Bears
LANDON SIM;F;22.0;Toronto Marlies
LUCAS WAHLIN;F;25.2;Manitoba Moose
MASON GEERTSEN;L;31.2;Rochester Americans
MATT COPPONI;C;23.1;Bakersfield Condors
MATT DIMARSICO;L;22.5;Colorado Eagles
MATTHEW STIENBURG;F;25.7;Colorado Eagles
MAX WANNER;D;23.3;Providence Bruins
MILO ROELENS;C;23.5;Syracuse Crunch
NATHAN BASTIAN;R;28.6;Texas Stars
NIKO HUUHTANEN;R;23.0;Syracuse Crunch
OLE JULIAN BJ??RGVIK-HOLM;D;24.1;Cleveland Monsters
PATRICK THOMAS;L;21.9;Hershey Bears
PHIP WAUGH;D;26.5;Hartford Wolf Pack
REILLY WEBB;D;27.2;Hershey Bears
RILEY KIDNEY;C;23.3;Belleville Senators
RILEY MCKAY;F;27.3;Henderson Silver Knights
ROGER MCQUEEN;C;19.7;San Diego Gulls
ROMAN SCHMIDT;D;23.3;Iowa Wild
RYAN KIRWAN;L;24.3;Toronto Marlies
RYAN O'ROURKE;D;24.1;Belleville Senators
TRAVIS DERMOTT;D;29.5;Hartford Wolf Pack
TYSON EMPEY;L;31.0;Manitoba Moose
ARTEM GRUSHNIKOV;D;23.3;Calgary Wranglers
ARTUR CHOLACH;D;23.1;Henderson Silver Knights
BRANDON BUHR;F;24.0;Toronto
BRANDON HOLT;D;25.2;Tucson Roadrunners
CHARLIE WRIGHT;D;22.7;Coachella Valley Firebirds
CHRIS HARPUR;D;29.8;Syracuse Crunch
COLIN RALPH;D;20.7;Springfield Thunderbirds
CONNOR PUNNETT;D;23.0;Texas Stars
COOPER GAY;F;24.3;Colorado Eagles
D.J. KING;D;25.9;Hershey Bears
DANIEL RUSSELL;F;24.6;Wilkes-Barre/Scranton Penguins
DYLAN JAMES;L;22.7;Grand Rapids Griffins
EGOR ZAMULA;D;26.2;Wilkes-Barre/Scranton Penguins
ETHAN FRISCH;D;25.7;Manitoba Moose
ETHEN FRANK;R;28.4;Hershey Bears
FELIX TRUDEAU;F;23.8;Springfield Thunderbirds
GUILLAUME BRISEBOIS;D;28.9;Abbotsford Canucks
HANK KEMPF;D;24.2;Colorado Eagles
JACKSON KUNZ;C;23.9;Abbotsford Canucks
JAKE BOLTMANN;D;24.7;San Jose Barracuda
JAKE FURLONG;D;23.2;San Jose Barracuda
JAROD CRESPO;D;24.2;San Jose Barracuda
JESSE KIISKINEN;R;20.9;Grand Rapids Griffins
JESSE PULKKINEN;D;21.5;Bridgeport Islanders
JIRI FELCMAN;F;21.2;Rockford IceHogs
JUSTIN JANICKE;F;22.0;Coachella Valley Firebirds
KADEN BOHLSEN;F;25.5;Hershey Bears
KEVIN CONLEY;C;29.4;Manitoba Moose
KYLE JACKSON;F;23.7;Hartford Wolf Pack
LOGAN MAILLOUX;D;23.2;Springfield Thunderbirds
LUKE KUNIN;C;28.6;Charlotte Checkers
MATHIEU DE ST. PHALLE;R;26.3;Wilkes-Barre/Scranton Penguins
MATT BASGALL;D;23.9;San Diego Gulls
MAX DORRINGTON;F;24.8;Bridgeport Islanders
MAX GRONDIN;C;26.0;Syracuse Crunch
MAX SASSON;C;25.8;Abbotsford Canucks
MICHAEL KOSTER;D;25.2;Iowa Wild
MIKHAIL ILYIN;F;21.4;Wilkes-Barre/Scranton Penguins
NAVRIN MUTTER;L;25.3;Providence Bruins
NICKY LEIVERMANN;D;27.8;Hershey Bears
NOAH BECK;D;25.3;San Jose Barracuda
NOLAN MOYLE;R;27.2;Grand Rapids Griffins
PAUL LUDWINSKI;F;22.2;Rockford IceHogs
REILLY CONNORS;C;26.3;Colorado Eagles
RILEY PATTERSON;C;20.3;Abbotsford Canucks
ROBBY FABBRI;C;30.4;Charlotte Checkers
RYLAND MOSLEY;L;26.4;Rockford IceHogs
SCOOTER BRICKEY;D;27.1;Wilkes-Barre/Scranton Penguins
SHELDON REMPAL;R;30.9;Hershey Bears
SIMON MACK;D;25.3;Calgary Wranglers
T.J. HUGHES;C;24.6;Colorado Eagles
TOM WILLANDER;D;21.4;Abbotsford Canucks
TOMMY LAFRENIERE;R;19.5;Bakersfield Condors
TYLER INAMOTO;D;27.2;Bakersfield Condors
VIGGO GUSTAFSSON;D;19.8;Milwaukee Admirals
VINZENZ ROHRER;F;21.8;Laval Rocket
WILLIAM DUFOUR;L;24.4;Grand Rapids Griffins
YAN KUZNETSOV;D;24.3;Calgary Wranglers
YANICK TURCOTTE;L;30.0;Chicago Wolves
ZAC FUNK;L;22.9;Hershey Bears
ZACK HAYES;D;27.2;Milwaukee Admirals
AIDAN HRESCHUK;D;23.4;Texas Stars
AIDEN HANSEN-BUKATA;D;27.0;Colorado Eagles
ALFONS FREIJ;D;20.4;Manitoba Moose
ANDREJ SUSTR;D;35.6;Bridgeport Islanders
AUSTIN BRIMMER;R;24.9;Abbotsford Canucks
BLAKE MONTGOMERY;L;21.2;Belleville Senators
BRADEN BIRNIE;L;24.7;Abbotsford Canucks
BRENDAN SMITH;D;37.4;Cleveland Monsters
CAMERON BUTLER;R;24.1;Iowa Wild
CARSON GOLDER;R;23.7;Lehigh Valley Phantoms
CASE MCCARTHY;D;25.5;Hartford Wolf Pack
CHARLIE ELICK;D;20.4;Cleveland Monsters
CHASE WHEATCROFT;F;24.1;Texas Stars
CHRIS ORTIZ;D;25.4;Hartford Wolf Pack
CHRISTOPHER BROWN;R;30.4;Providence Bruins
CHRISTOPHER DOUGLAS;R;26.0;Rochester Americans
CONNOR MAYER;D;27.0;Hershey Bears
DAVID KAMPF;F;31.5;Toronto Marlies
DAVID LEWANDOWSKI;F;19.4;Bakersfield Condors
DAWSON BARTEAUX;D;26.5;Manitoba Moose
DEREK DASCHKE;D;28.5;Abbotsford Canucks
DREW CALLIN;F;31.2;Providence Bruins
DREW ELLIOTT;L;23.2;San Diego Gulls
DYLAN MOULTON;D;25.2;Manitoba
FILIP HALLANDER;L;26.1;Wilkes-Barre/Scranton Penguins
HOYT STANLEY;D;21.4;Belleville Senators
ISAK WALTHER;R;24.9;Milwaukee Admirals
ISRAEL MIANSCUM;L;23.2;Laval Rocket
JACK BERGLUND;C;20.2;Lehigh Valley Phantoms
JACKSON BEREZOWSKI;C;24.4;Coachella Valley Firebirds
JACKSON JUTTING;F;25.3;Grand Rapids
JAKE CHIASSON;R;23.1;Belleville Senators
JAKUB DEMEK;F;23.1;Henderson Silver Knights
JAYDEN GRUBBE;C;23.5;Abbotsford Canucks
JORDAN GUSTAFSON;F;22.4;Henderson Silver Knights
JOSH DAVIES;L;22.3;Milwaukee Admirals
JOSH DUNNE;C;27.6;Rochester Americans
JOSH LOPINA;C;25.4;Rockford IceHogs
JOSH NADEAU;F;22.7;Laval Rocket
KALEB PEARSON;F;26.0;Texas
KEATON MASTRODONATO;F;27.4;Ontario Reign
KONNOR SMITH;D;21.6;San Diego Gulls
LIAM VALENTE;C;23.1;Rochester Americans
LUDWIG PERSSON;R;22.7;Hershey Bears
LUKAS GUSTAFSSON;D;23.5;Manitoba Moose
MARCEL MARCEL;F;22.7;Rockford IceHogs
MATHIEU JOSEPH;F;29.4;Springfield Thunderbirds
MATTHEW BROWN;F;26.9;Bakersfield Condors
MATTHEW SAVOIE;R;22.5;Bakersfield Condors
MAX PSENICKA;D;19.4;Tucson Roadrunners
MAXIM STRBAK;D;21.2;Rochester Americans
MICHAEL MISA;F;19.4;San Jose Barracuda
MILAN LUCIC;L;38.1;Springfield Thunderbirds
MIROSLAV HOLINKA;C;20.6;Toronto Marlies
NEIL SHEA;F;26.9;Colorado Eagles
NICK LEDDY;D;35.3;San Jose
NOAH STEEN;L;21.9;Syracuse Crunch
PETER TISCHKE;D;30.5;Rochester Americans
RADIM MRTKA;D;19.1;Rochester Americans
REECE VITELLI;R;25.0;Manitoba Moose
RHETT PARSONS;D;22.7;Toronto Marlies
ROBBY DRAZNER;D;26.4;Abbotsford Canucks
RYAN CHYZOWSKI;C;26.1;Calgary Wranglers
RYAN HOFER;R;24.1;Hershey Bears
SAIGE WEINSTEIN;D;21.1;Colorado Eagles
SAMUEL LABERGE;F;29.2;San Jose Barracuda
SAWYER BOULTON;F;22.0;Lehigh Valley Phantoms
SIMON PINARD;F;25.1;Hershey Bears
TRAVIS HOWE;R;32.4;San Diego Gulls
TYLER MOTTE;L;31.3;Charlotte Checkers
TYSON FEIST;D;25.5;Bakersfield Condors
VIKING GUSTAFSSON NYBERG;D;22.8;Iowa Wild
VINNY BORGESI;D;22.3;Toronto Marlies
WILLIAM NICHOLL;C;20.1;Bakersfield Condors
WYATTE WYLIE;D;26.7;Laval Rocket
ZACH URDAHL;F;24.7;Wilkes-Barre/Scranton Penguins
ZAKHAR BARDAKOV;L;25.3;Colorado Eagles
AIDEN DUBINSKY;D;22.2;Laval Rocket
ALEX GAFFNEY;L;24.0;Hershey Bears
ANDRE ANANIA;D;23.3;Milwaukee Admirals
ANDREW MANGIAPANE;R;30.2;Bakersfield Condors
ANTHONY KEHRER;D;24.3;Springfield Thunderbirds
ANTHONY ROMANO;F;25.7;Springfield Thunderbirds
ANTON LUNDMARK;F;25.2;Charlotte Checkers
ANTONIO VENUTO;R;26.3;
ARTEM GURYEV;D;23.1;Lehigh Valley Phantoms
BEN DEXHEIMER;D;24.0;Iowa Wild
BEN MEEHAN;D;25.2;Lehigh Valley Phantoms
BEN STRINDEN;R;24.1;Milwaukee Admirals
BEN ZLOTY;D;24.3;Manitoba Moose
BRADEN DOYLE;D;24.8;Chicago Wolves
BRAIDAN SIMMONS-FISCHER;D;24.4;Iowa
BRANDON HAWKINS;R;32.2;Grand Rapids Griffins
BRAYDEN EDWARDS;F;21.5;Wilkes-Barre/Scranton Penguins
BRENDAN GORMAN;F;23.4;Ontario Reign
BRENT JOHNSON;D;23.3;Wilkes-Barre/Scranton Penguins
BROOKLYN KALMIKOV;L;25.2;Providence Bruins
BROTEN SABO;D;23.9;Wilkes-Barre/Scranton Penguins
CAIGE STERZER;F;25.9;Hartford Wolf Pack
CALEB JONES;D;29.1;Wilkes-Barre/Scranton Penguins
CHAD NYCHUK;D;25.3;Milwaukee Admirals
CHASE PAULS;D;22.7;Calgary Wranglers
CHONGMIN LEE;F;27.1;Cleveland Monsters
CHRIS HEDDEN;D;23.8;Colorado
CHRISTIAN FELTON;D;26.4;Abbotsford Canucks
CHRISTIAN FITZGERALD;F;24.1;Texas Stars
COLE KRYGIER;D;26.2;Charlotte Checkers
COLIN SWOYER;D;28.2;Cleveland Monsters
CURTIS DOUGLAS;C;26.3;Syracuse Crunch
DANIIL PROKHOROV;F;19.2;Bridgeport Islanders
DANNY KATIC;L;25.9;Belleville Senators
DARICK LOUIS-JEAN;D;25.6;Laval Rocket
DAVIS BURNSIDE;F;22.8;Manitoba Moose
DENI GOURE;C;23.0;Chicago Wolves
DENNIS CESANA;D;28.2;Charlotte Checkers
DILLAN BENTLEY;F;25.2;Laval Rocket
DRAKE BURGIN;D;25.7;Coachella Valley
DYLLAN GILL;D;22.1;Syracuse Crunch
ELIAS PETTERSSON;D;22.4;Abbotsford Canucks
EMIL HEMMING;F;20.0;Texas Stars
ERIK BARGHOLTZ;F;25.2;San Jose Barracuda
ETHAN CZATA;C;19.1;Syracuse Crunch
ETHAN LEYH;L;24.8;Chicago Wolves
FRANK DJURASEVIC;D;24.3;Toronto Marlies
GARRETT PYKE;D;26.9;Hershey Bears
GAVIN HAIN;C;23.2;Hartford Wolf Pack
GAVIN MCCARTHY;D;21.1;Rochester
HAYES HUNDLEY;D;21.3;Toronto Marlies
HENRY BRZUSTEWICZ;D;19.4;Ontario Reign
HERMAN TRAFF;R;20.5;San Diego Gulls
HUNTER JOHANNES;L;27.9;Lehigh Valley Phantoms
IAN MOORE;D;24.5;San Diego Gulls
ILYA SOLOVYOV;D;25.9;Colorado Eagles
JACK BAR;D;16.0;San Jose Barracuda
JACOB DION;D;24.7;Laval Rocket
JACOB HUDSON;F;25.6;Providence Bruins
JAKE MURRAY;D;24.2;Rockford IceHogs
JAMES STEFAN;R;22.8;Bakersfield Condors
JAYDEN LEE;D;25.5;Abbotsford Canucks
JETT JONES;F;23.8;Springfield Thunderbirds
JOHN GORMLEY;D;25.9;San Jose Barracuda
JOSH EERNISSE;R;24.5;Cleveland Monsters
KALE KESSY;L;33.6;Springfield Thunderbirds
KENT ANDERSON;D;22.7;Calgary Wranglers
KEVIN WALL;R;26.4;Springfield Thunderbirds
KIENAN DRAPER;R;24.4;Grand Rapids Griffins
KYLE WALKER;D;26.0;Calgary Wranglers
LACHLAN GETZ;D;24.4;Springfield
LANDON MCCALLUM;F;22.8;Coachella Valley Firebirds
LOKE JOHANSSON;D;20.5;Providence Bruins
LUCAS PETTERSSON;C;20.2;San Diego Gulls
LUKAS SILLINGER;L;25.8;Iowa Wild
LUKE MISTELBACHER;R;20.7;Belleville Senators
MACK OLIPHANT;D;23.5;San Jose
MARTIN POSPISIL;C;26.6;Calgary Wranglers
MASON MCCORMICK;C;25.1;Milwaukee
MATTHEW ANDONOVSKI;D;21.3;Belleville Senators
MATTHEW SOP;L;23.4;Iowa Wild
MAX ANDREEV;L;27.7;Providence Bruins
MAX GRAHAM;F;22.1;Wilkes-Barre/Scranton Penguins
MAXIM BARBASHEV;F;22.5;Tucson Roadrunners
NATHAN BROWN;C;20.3;Belleville Senators
NICK ANDREWS;D;25.0;Grand Rapids
OWEN LINDMARK;C;25.1;San Diego Gulls
QUINN BEAUCHESNE;D;19.3;Wilkes-Barre/Scranton Penguins
RIEGER LORENZ;L;22.2;Iowa Wild
RILEY MCCOURT;D;26.0;Belleville Senators
ROMAIN RODZINSKI;D;24.1;Hershey Bears
ROMAN KINAL;D;27.9;San Diego Gulls
RYAN BOTTRILL;F;22.4;Iowa Wild
RYAN MCCLEARY;D;22.8;Toronto Marlies
RYAN MCGUIRE;F;23.9;Iowa Wild
RYAN MILLER;F;19.2;Wilkes-Barre/Scranton Penguins
RYAN TATTLE;F;24.8;Providence Bruins
SAM SEDLEY;D;23.1;Belleville Senators
SAM STEVENS;C;26.2;Toronto Marlies
SAMUEL MAYER;D;23.2;Henderson Silver Knights
SCOTT REEDY;F;27.2;Bridgeport Islanders
SEAN LAROCHELLE;D;25.4;Manitoba
STEVIE LESKOVAR;D;21.8;Iowa Wild
SULLIVAN MACK;F;26.0;Hartford Wolf Pack
TAG BERTUZZI;F;25.4;Utica Comets
TARUN FIZER;R;25.3;Springfield Thunderbirds
TERRELL GOLDSMITH;D;21.1;Tucson Roadrunners
THOMAS MESSINEO;D;24.2;San Jose Barracuda
TOMMY BUDNICK;D;22.4;Wilkes-Barre/Scranton Penguins
TRISTAN SARSLAND;D;22.3;San Jose Barracuda
TROY MURRAY;F;28.8;Springfield Thunderbirds
TYLER WEISS;L;26.5;Chicago Wolves
VALTTERI PIIRONEN;D;24.8;Coachella Valley Firebirds
VINCENT SEVIGNY;D;25.2;Lehigh Valley Phantoms
WILL MACKINNON;D;26.2;Cleveland Monsters
WILL RIEDELL;D;29.7;Providence Bruins
XAVIER BERNARD;D;26.5;Calgary Wranglers
ZACH BERZOLLA;D;28.1;Springfield Thunderbirds
ZACH OKABE;C;25.5;Abbotsford Canucks
MICHAEL DIPIETRO;G;27.1;Providence Bruins
REMI POIRIER;G;24.7;Texas Stars
SEBASTIAN COSSA;G;23.6;Grand Rapids Griffins
COOPER BLACK;G;25.0;Charlotte Checkers
SERGEI MURASHOV;G;22.2;Wilkes-Barre/Scranton Penguins
BRANDON HALVERSON;G;30.3;Syracuse Crunch
CARL LINDBOM;G;23.1;Henderson Silver Knights
IVAN FEDOTOV;G;29.6;Cleveland Monsters
DEVON LEVI;G;24.5;Rochester Americans
ARTUR AKHTYAMOV;G;24.7;Toronto Marlies
MATTHEW MURRAY;G;28.4;Milwaukee Admirals
KAAPO KAHKONEN;G;29.9;Laval Rocket
THOMAS MILIC;G;23.2;Manitoba Moose
PHEONIX COPLEY;G;34.4;Ontario Reign
CAYDEN PRIMEAU;G;26.9;Chicago Wolves
MATT TOMKINS;G;32.0;Bakersfield Condors
CALLE CLANG;G;24.1;San Diego Gulls
NIKKE KOKKO;G;22.3;Coachella Valley Firebirds
JACOB FOWLER;G;21.6;Laval Rocket
ERIK PORTILLO;G;25.8;Ontario Reign
CLAY STEVENSON;G;27.3;Hershey Bears
VICTOR OSTMAN;G;25.7;Coachella Valley Firebirds
NICO DAWS;G;25.5;Utica Comets
HENRIK TIKKANEN;G;25.8;Bridgeport Islanders
MICHAL POSTAVA;G;24.3;Grand Rapids Griffins
TRENT MINER;G;25.4;Colorado Eagles
VADIM ZHERENKO;G;25.3;Springfield Thunderbirds
MATTHEW VILLALTA;G;27.1;Tucson Roadrunners
DYLAN GARAND;G;24.1;Hartford Wolf Pack
JOEL BLOMQVIST;G;24.5;Wilkes-Barre/Scranton Penguins
ISAK POSCH;G;24.4;Colorado Eagles
JAXSON STAUBER;G;27.2;Tucson Roadrunners
ALEKSEI KOLOSOV;G;24.5;Lehigh Valley Phantoms
GABRIEL CARRIERE;G;25.1;San Jose Barracuda
LAURENT BROSSOIT;G;33.3;San Jose Barracuda
ZACH SAWCHENKO;G;28.5;Cleveland Monsters
CARSON BJARNASON;G;21.0;Lehigh Valley Phantoms
SIMON ZAJICEK;G;25.0;Providence Bruins
RYAN FANTI;G;26.7;Syracuse Crunch
CAL PETERSEN;G;31.7;Iowa Wild
DREW COMMESSO;G;24.0;Rockford IceHogs
JAKUB MALEK;G;24.2;Utica Comets
DOMENIC DIVINCENTIIS;G;22.3;Manitoba Moose
JAKUB SKAREK;G;26.6;San Jose Barracuda
JIRI PATERA;G;27.3;Abbotsford Canucks
MARCUS HOGBERG;G;31.6;Bridgeport Islanders
AMIR MIFTAKHOV;G;26.2;Chicago Wolves
ARNO TIEFENSEE;G;24.2;Texas Stars
DENNIS HILDEBY;G;24.9;Toronto Marlies
MITCH GIBSON;G;27.0;Hershey Bears
GEORGII ROMANOV;G;26.5;Springfield Thunderbirds
LOUIS DOMINGUE;G;34.3;Charlotte Checkers
IVAN PROSVETOV;G;27.3;Calgary Wranglers
CONNOR UNGAR;G;24.5;Bakersfield Condors
KIRILL GERASIMYUK;G;22.9;Charlotte Checkers
KYLE KEYSER;G;27.3;Colorado Eagles
MAGNUS CHRONA;G;25.8;Milwaukee Admirals
NIKITA TOLOPILO;G;26.2;Abbotsford Canucks
LEEVI MERILAINEN;G;23.9;Belleville Senators
VILLE HUSSO;G;31.4;San Diego Gulls
JESPER VIKMAN;G;24.3;Henderson Silver Knights
SAMUEL HLAVAJ;G;25.1;Iowa Wild
CARTER GYLANDER;G;25.1;Grand Rapids Griffins
HUNTER SHEPARD;G;30.6;Laval Rocket
CALLUM TUNG;G;22.6;Hartford Wolf Pack
MADS S??GAARD;G;25.5;Belleville Senators
ARSENII SERGEEV;G;23.5;Calgary Wranglers
CAMERON WHITEHEAD;G;23.0;Henderson Silver Knights
LUKE CAVALLIN;G;25.2;Providence Bruins
OWEN SAY;G;25.1;Calgary Wranglers
ISAIAH SAVILLE;G;25.8;Ontario Reign
WILL CRANLEY;G;24.3;Springfield Thunderbirds
JACKSON PARSONS;G;21.6;Belleville Senators
TY YOUNG;G;21.8;Abbotsford Canucks
STANISLAV BEREZHNOY;G;23.1;Rockford IceHogs
GARIN BJORKLUND;G;24.1;Hershey Bears
TOMAS SUCHANEK;G;23.2;San Diego Gulls
JACK LAFONTAINE;G;28.5;Coachella Valley Firebirds
CALVIN PICKARD;G;34.2;Bakersfield Condors
RILEY MERCER;G;22.2;Iowa Wild
SCOTT RATZLAFF;G;21.3;Rochester Americans
VYACHESLAV PEKSA;G;23.8;Toronto Marlies
OLIVIER RODRIGUE;G;26.0;Rockford IceHogs
CONNOR INGRAM;G;29.3;Bakersfield Condors
SPENCER MARTIN;G;31.1;Hartford Wolf Pack
MAXIM PAVLENKO;G;24.1;Wilkes-Barre/Scranton Penguins
JON GILLIES;G;32.4;Syracuse Crunch
OWEN FLORES;G;22.1;Rockford IceHogs
WILLIAM ROUSSEAU;G;23.5;Iowa Wild
TOPIAS LEINONEN;G;22.4;Rochester Americans
FILIP LARSSON;G;27.9;Wilkes-Barre/Scranton Penguins
MICHAEL HRABAL;G;21.4;Tucson Roadrunners
ISAAC POULTER;G;24.8;Manitoba Moose
CONNOR MURPHY;G;27.8;Calgary Wranglers
AKU KOSKENVUO;G;23.3;Abbotsford Canucks
HAMPTON SLUKYNSKY;G;21.0;Ontario Reign
KEVIN MANDOLESE;G;25.9;Syracuse Crunch
PARKER GAHAGEN;G;33.1;Bridgeport Islanders
YANIV PERETS;G;26.3;Lehigh Valley Phantoms
SEMYON VARLAMOV;G;38.2;Bridgeport Islanders
KEVIN REIDLER;G;21.8;Belleville Senators
DAMIAN CLARA;G;21.5;San Diego Gulls
NIKITA QUAPP;G;23.4;Chicago Wolves
CARTER HART;G;27.9;Henderson Silver Knights
VYACHESLAV BUTEYETS;G;24.1;San Diego Gulls
RUSLAN KHAZHEYEV;G;21.6;Chicago Wolves
PYOTR KOCHETKOV;G;27.0;Chicago Wolves
MATT DAVIS;G;25.0;
JEREMY SMITH;G;37.2;Bridgeport Islanders
DUSTIN TOKARSKI;G;36.8;Grand Rapids Griffins
ETHAN HAIDER;G;25.2;Milwaukee Admirals
LOGAN TERNESS;G;23.8;Coachella Valley Firebirds
KEN APPLEBY;G;31.2;Toronto Marlies
UKKO-PEKKA LUUKKONEN;G;27.3;Rochester Americans
JOSEPH WOLL;G;28.0;Toronto Marlies
T.J. SEMPTIMPHELTER;G;24.1;Milwaukee Admirals
HUNTER JONES;G;25.8;Laval Rocket
JONATHAN LEMIEUX;G;25.1;Abbotsford Canucks
MATTIAS SHOLL;G;25.7;Ontario Reign
JAMES REIMER;G;38.3;Belleville Senators
TREY AUGUSTINE;G;21.3;Grand Rapids Griffins
MITCHELL WEEKS;G;25.0;Rockford IceHogs
CHASE WUTZKE;G;19.9;Iowa Wild
JEREMY BRODEUR;G;29.7;Utica Comets
JOSH KOTAI;G;23.3;Bridgeport Islanders
TALYN BOYKO;G;23.7;Hartford Wolf Pack
SAMUEL MONTEMBEAULT;G;29.7;Laval Rocket
ADAM GAJAN;G;22.2;Rockford IceHogs
C.J. KIER;G;22.3;Abbotsford Canucks
KAIDAN MBEREKO;G;22.9;Belleville Senators
CAMERON ROWE;G;25.1;Rochester Americans
HARRISON MENEGHIN;G;21.8;Syracuse Crunch
BEN KRAWS;G;25.9;Texas Stars
ALEXANDAR GEORGIEV;G;30.4;Rochester Americans
NOLAN LALONDE;G;22.4;Cleveland Monsters
